"time, ms_0","top_plate_y, px_0","time, ms_1","top_plate_y, px_1","time, ms_2","top_plate_y, px_2","time, ms_3","top_plate_y, px_3","time, ms_4","top_plate_y, px_4","time, ms_5","top_plate_y, px_5","time, ms_6","top_plate_y, px_6","time, ms_7","top_plate_y, px_7","time, ms_8","top_plate_y, px_8","time, ms_9","top_plate_y, px_9","time, ms_10","top_plate_y, px_10",,,,
0,259,0,265,0,265,0,256,0,258,0,264,0,259,0,255,0,256,0,258,0,258,,,,
1,259,1,265,1,265,1,256,1,259,1,264,1,259,1,255,1,254,1,256,1,270,,,,
2,259,2,265,2,265,2,255,2,259,2,264,2,264,2,260,2,253,2,256,2,258,,,,
3,259,3,261,3,255,3,262,3,260,3,264,3,259,3,255,3,253,3,256,3,257,,,,
4,260,4,265,4,257,4,255,4,260,4,264,4,259,4,251,4,253,4,258,4,258,,,,
5,251,5,265,5,257,5,262,5,260,5,264,5,259,5,250,5,254,5,263,5,271,,,,
6,259,6,264,6,255,6,255,6,260,6,265,6,259,6,250,6,254,6,263,6,258,,,,
7,259,7,257,7,264,7,255,7,260,7,265,7,252,7,251,7,262,7,263,7,258,,,,
8,259,8,260,8,264,8,255,8,260,8,266,8,265,8,251,8,254,8,263,8,258,,,,
9,258,9,265,9,264,9,255,9,260,9,262,9,251,9,251,9,257,9,264,9,258,,,,
10,258,10,265,10,264,10,256,10,260,10,276,10,266,10,252,10,260,10,264,10,258,,,,
11,259,11,257,11,264,11,256,11,260,11,265,11,259,11,251,11,261,11,263,11,258,,,,
12,258,12,257,12,264,12,257,12,260,12,277,12,264,12,252,12,257,12,263,12,258,,,,
13,258,13,257,13,256,13,257,13,261,13,276,13,259,13,251,13,257,13,257,13,263,,,,
14,258,14,260,14,255,14,258,14,259,14,276,14,258,14,252,14,257,14,255,14,258,,,,
15,261,15,257,15,255,15,257,15,259,15,265,15,258,15,252,15,257,15,257,15,269,,,,
16,258,16,257,16,255,16,258,16,259,16,276,16,258,16,252,16,257,16,257,16,269,,,,
17,258,17,260,17,255,17,257,17,259,17,265,17,259,17,252,17,257,17,263,17,258,,,,
18,259,18,257,18,256,18,257,18,258,18,262,18,259,18,252,18,257,18,263,18,258,,,,
19,261,19,257,19,258,19,255,19,258,19,265,19,259,19,252,19,257,19,263,19,269,,,,
20,259,20,260,20,258,20,255,20,258,20,264,20,259,20,252,20,257,20,263,20,260,,,,
21,258,21,257,21,258,21,256,21,258,21,265,21,259,21,252,21,258,21,263,21,263,,,,
22,259,22,257,22,256,22,258,22,258,22,265,22,260,22,252,22,258,22,264,22,260,,,,
23,258,23,260,23,258,23,259,23,258,23,267,23,260,23,252,23,257,23,264,23,258,,,,
24,261,24,257,24,258,24,256,24,258,24,273,24,258,24,272,24,257,24,258,24,258,,,,
25,258,25,257,25,258,25,256,25,256,25,267,25,264,25,252,25,257,25,256,25,258,,,,
26,258,26,258,26,258,26,256,26,258,26,275,26,259,26,252,26,257,26,263,26,271,,,,
27,258,27,260,27,260,27,256,27,258,27,264,27,258,27,252,27,262,27,266,27,259,,,,
28,258,28,260,28,258,28,258,28,257,28,264,28,252,28,272,28,256,28,256,28,259,,,,
29,259,29,258,29,258,29,256,29,257,29,264,29,249,29,252,29,262,29,266,29,261,,,,
30,258,30,259,30,258,30,256,30,261,30,264,30,259,30,252,30,250,30,267,30,259,,,,
31,259,31,248,31,258,31,257,31,256,31,263,31,259,31,252,31,253,31,255,31,259,,,,
32,259,32,261,32,265,32,256,32,260,32,264,32,259,32,252,32,262,32,258,32,259,,,,
33,258,33,263,33,258,33,256,33,260,33,263,33,259,33,251,33,254,33,258,33,259,,,,
34,261,34,262,34,258,34,256,34,256,34,264,34,259,34,251,34,262,34,258,34,259,,,,
35,259,35,262,35,256,35,255,35,256,35,264,35,259,35,271,35,254,35,258,35,259,,,,
36,259,36,262,36,256,36,258,36,256,36,264,36,264,36,271,36,254,36,258,36,259,,,,
37,259,37,262,37,256,37,260,37,257,37,264,37,264,37,271,37,253,37,256,37,259,,,,
38,259,38,259,38,256,38,258,38,257,38,264,38,259,38,251,38,253,38,256,38,259,,,,
39,259,39,259,39,256,39,257,39,258,39,264,39,259,39,251,39,253,39,255,39,259,,,,
40,259,40,261,40,256,40,257,40,259,40,264,40,259,40,249,40,253,40,255,40,262,,,,
41,259,41,261,41,256,41,257,41,259,41,263,41,259,41,251,41,253,41,255,41,262,,,,
42,259,42,265,42,264,42,257,42,256,42,264,42,259,42,251,42,254,42,255,42,260,,,,
43,259,43,265,43,256,43,257,43,266,43,263,43,252,43,255,43,254,43,263,43,262,,,,
44,259,44,259,44,257,44,256,44,256,44,263,44,252,44,255,44,257,44,264,44,262,,,,
45,259,45,257,45,257,45,256,45,257,45,263,45,252,45,255,45,257,45,263,45,260,,,,
46,259,46,260,46,256,46,256,46,257,46,263,46,252,46,260,46,257,46,263,46,259,,,,
47,259,47,259,47,256,47,262,47,257,47,263,47,252,47,255,47,257,47,255,47,262,,,,
48,259,48,257,48,257,48,261,48,261,48,263,48,264,48,251,48,257,48,255,48,259,,,,
49,259,49,260,49,257,49,255,49,258,49,264,49,264,49,251,49,257,49,258,49,259,,,,
50,259,50,265,50,257,50,255,50,258,50,264,50,264,50,255,50,257,50,255,50,259,,,,
51,261,51,257,51,257,51,255,51,258,51,264,51,259,51,255,51,257,51,255,51,259,,,,
52,259,52,260,52,257,52,255,52,258,52,263,52,264,52,255,52,257,52,255,52,259,,,,
53,259,53,264,53,257,53,255,53,258,53,273,53,258,53,251,53,257,53,255,53,254,,,,
54,259,54,265,54,257,54,256,54,258,54,263,54,264,54,271,54,261,54,256,54,261,,,,
55,259,55,265,55,257,55,256,55,257,55,263,55,258,55,251,55,257,55,264,55,271,,,,
56,259,56,261,56,257,56,258,56,258,56,263,56,264,56,251,56,261,56,257,56,271,,,,
57,259,57,265,57,258,57,257,57,260,57,263,57,264,57,251,57,257,57,257,57,259,,,,
58,259,58,260,58,258,58,258,58,260,58,263,58,265,58,271,58,257,58,257,58,259,,,,
59,262,59,265,59,258,59,260,59,260,59,263,59,264,59,252,59,257,59,257,59,259,,,,
60,262,60,265,60,258,60,254,60,257,60,263,60,252,60,262,60,257,60,256,60,259,,,,
61,259,61,265,61,260,61,254,61,260,61,263,61,259,61,252,61,257,61,257,61,258,,,,
62,259,62,265,62,258,62,257,62,260,62,263,62,252,62,252,62,257,62,258,62,258,,,,
63,259,63,265,63,258,63,255,63,260,63,263,63,259,63,252,63,257,63,264,63,271,,,,
64,263,64,261,64,257,64,255,64,260,64,262,64,259,64,272,64,258,64,263,64,270,,,,
65,262,65,265,65,265,65,255,65,261,65,262,65,259,65,272,65,256,65,263,65,270,,,,
66,259,66,259,66,265,66,256,66,260,66,267,66,259,66,252,66,263,66,264,66,270,,,,
67,259,67,261,67,265,67,256,67,260,67,262,67,259,67,272,67,262,67,264,67,269,,,,
68,259,68,265,68,264,68,256,68,260,68,262,68,259,68,251,68,262,68,263,68,258,,,,
69,261,69,265,69,264,69,256,69,260,69,262,69,259,69,252,69,265,69,263,69,251,,,,
70,259,70,265,70,256,70,256,70,260,70,264,70,259,70,253,70,263,70,258,70,251,,,,
71,258,71,265,71,265,71,257,71,259,71,267,71,264,71,253,71,263,71,258,71,258,,,,
72,249,72,265,72,256,72,259,72,259,72,266,72,260,72,252,72,263,72,258,72,258,,,,
73,249,73,265,73,258,73,259,73,258,73,265,73,260,73,272,73,254,73,256,73,258,,,,
74,249,74,265,74,258,74,257,74,265,74,264,74,259,74,251,74,255,74,256,74,258,,,,
75,249,75,265,75,258,75,258,75,258,75,265,75,259,75,272,75,255,75,256,75,269,,,,
76,260,76,265,76,257,76,258,76,265,76,264,76,259,76,272,76,262,76,258,76,262,,,,
77,258,77,265,77,255,77,258,77,260,77,264,77,260,77,252,77,262,77,256,77,258,,,,
78,261,78,265,78,265,78,264,78,260,78,262,78,252,78,251,78,263,78,256,78,260,,,,
79,258,79,259,79,255,79,258,79,260,79,267,79,252,79,251,79,263,79,258,79,269,,,,
80,259,80,265,80,255,80,257,80,257,80,263,80,252,80,271,80,263,80,258,80,269,,,,
81,259,81,265,81,255,81,257,81,257,81,263,81,250,81,255,81,262,81,256,81,260,,,,
82,258,82,265,82,255,82,257,82,257,82,263,82,263,82,251,82,262,82,256,82,251,,,,
83,258,83,260,83,255,83,257,83,258,83,263,83,263,83,255,83,256,83,258,83,260,,,,
84,260,84,265,84,255,84,257,84,264,84,276,84,260,84,255,84,256,84,258,84,270,,,,
85,258,85,265,85,255,85,257,85,264,85,263,85,259,85,255,85,256,85,256,85,258,,,,
86,259,86,264,86,255,86,257,86,259,86,263,86,253,86,255,86,256,86,256,86,258,,,,
87,259,87,260,87,257,87,258,87,264,87,264,87,259,87,255,87,256,87,256,87,258,,,,
88,259,88,265,88,258,88,256,88,264,88,264,88,260,88,255,88,257,88,256,88,258,,,,
89,259,89,265,89,255,89,256,89,265,89,265,89,259,89,255,89,257,89,256,89,270,,,,
90,259,90,265,90,255,90,256,90,265,90,265,90,260,90,255,90,257,90,256,90,270,,,,
91,259,91,260,91,258,91,255,91,261,91,265,91,259,91,255,91,257,91,258,91,271,,,,
92,260,92,265,92,255,92,255,92,258,92,265,92,259,92,255,92,254,92,263,92,259,,,,
93,258,93,260,93,255,93,259,93,258,93,276,93,259,93,255,93,255,93,258,93,261,,,,
94,260,94,260,94,264,94,259,94,264,94,276,94,259,94,255,94,262,94,258,94,261,,,,
95,259,95,265,95,256,95,258,95,258,95,276,95,264,95,271,95,255,95,256,95,261,,,,
96,259,96,260,96,256,96,258,96,258,96,276,96,264,96,251,96,254,96,258,96,259,,,,
97,259,97,257,97,256,97,258,97,257,97,276,97,264,97,251,97,255,97,256,97,259,,,,
98,259,98,257,98,265,98,258,98,257,98,267,98,263,98,251,98,255,98,256,98,259,,,,
99,261,99,257,99,256,99,258,99,257,99,263,99,259,99,252,99,243,99,256,99,259,,,,
100,259,100,257,100,257,100,258,100,258,100,266,100,252,100,252,100,251,100,256,100,259,,,,
101,259,101,257,101,257,101,253,101,258,101,267,101,259,101,252,101,256,101,256,101,259,,,,
102,261,102,265,102,256,102,254,102,267,102,266,102,266,102,252,102,256,102,258,102,259,,,,
103,259,103,257,103,256,103,254,103,258,103,267,103,252,103,252,103,255,103,256,103,259,,,,
104,259,104,260,104,255,104,254,104,258,104,262,104,259,104,252,104,257,104,264,104,259,,,,
105,259,105,257,105,258,105,258,105,259,105,267,105,252,105,252,105,257,105,263,105,259,,,,
106,259,106,260,106,258,106,255,106,259,106,266,106,252,106,252,106,257,106,263,106,259,,,,
107,259,107,258,107,258,107,255,107,259,107,262,107,252,107,252,107,257,107,263,107,259,,,,
108,259,108,258,108,258,108,255,108,266,108,267,108,252,108,252,108,257,108,256,108,259,,,,
109,263,109,260,109,258,109,259,109,266,109,262,109,252,109,272,109,263,109,256,109,259,,,,
110,259,110,259,110,258,110,256,110,259,110,267,110,263,110,272,110,257,110,258,110,259,,,,
111,259,111,248,111,258,111,259,111,266,111,267,111,252,111,272,111,258,111,257,111,259,,,,
112,259,112,248,112,258,112,259,112,261,112,267,112,252,112,262,112,258,112,263,112,259,,,,
113,258,113,259,113,258,113,256,113,258,113,266,113,252,113,251,113,258,113,255,113,259,,,,
114,258,114,259,114,257,114,258,114,258,114,264,114,252,114,252,114,256,114,257,114,259,,,,
115,258,115,248,115,255,115,257,115,261,115,264,115,252,115,252,115,258,115,256,115,259,,,,
116,259,116,248,116,255,116,261,116,266,116,264,116,252,116,252,116,256,116,256,116,259,,,,
117,259,117,248,117,252,117,261,117,257,117,264,117,259,117,252,117,256,117,256,117,259,,,,
118,266,118,260,118,255,118,261,118,266,118,264,118,258,118,252,118,256,118,256,118,259,,,,
119,259,119,261,119,255,119,257,119,265,119,263,119,259,119,252,119,256,119,256,119,259,,,,
120,251,120,266,120,255,120,265,120,257,120,263,120,263,120,272,120,256,120,256,120,254,,,,
121,259,121,266,121,255,121,258,121,257,121,263,121,256,121,251,121,256,121,255,121,254,,,,
122,259,122,265,122,255,122,258,122,257,122,263,122,263,122,255,122,256,122,255,122,259,,,,
123,259,123,259,123,255,123,258,123,257,123,263,123,251,123,271,123,256,123,255,123,259,,,,
124,259,124,259,124,258,124,257,124,261,124,263,124,251,124,251,124,256,124,255,124,261,,,,
125,259,125,260,125,264,125,257,125,258,125,263,125,251,125,251,125,263,125,255,125,259,,,,
126,260,126,259,126,264,126,257,126,264,126,263,126,251,126,251,126,256,126,255,126,259,,,,
127,259,127,264,127,256,127,257,127,259,127,263,127,251,127,255,127,254,127,255,127,254,,,,
128,258,128,264,128,256,128,257,128,259,128,263,128,251,128,255,128,255,128,256,128,271,,,,
129,258,129,259,129,256,129,264,129,259,129,263,129,259,129,248,129,255,129,256,129,261,,,,
130,258,130,248,130,259,130,257,130,260,130,263,130,251,130,251,130,263,130,258,130,259,,,,
131,258,131,248,131,257,131,256,131,260,131,263,131,252,131,248,131,255,131,258,131,258,,,,
132,258,132,260,132,257,132,258,132,260,132,263,132,264,132,255,132,262,132,258,132,258,,,,
133,258,133,259,133,257,133,256,133,260,133,263,133,252,133,255,133,255,133,258,133,258,,,,
134,258,134,260,134,258,134,258,134,260,134,263,134,259,134,255,134,255,134,258,134,258,,,,
135,258,135,260,135,260,135,258,135,260,135,263,135,259,135,255,135,254,135,266,135,259,,,,
136,259,136,260,136,258,136,258,136,258,136,263,136,259,136,251,136,254,136,256,136,259,,,,
137,258,137,257,137,258,137,258,137,258,137,263,137,252,137,251,137,257,137,267,137,261,,,,
138,258,138,248,138,260,138,255,138,258,138,263,138,252,138,251,138,257,138,266,138,270,,,,
139,249,139,257,139,260,139,255,139,258,139,263,139,259,139,251,139,261,139,258,139,270,,,,
140,258,140,257,140,260,140,255,140,258,140,263,140,259,140,250,140,257,140,266,140,270,,,,
141,249,141,265,141,260,141,255,141,257,141,263,141,252,141,251,141,261,141,265,141,258,,,,
142,249,142,260,142,260,142,255,142,257,142,263,142,259,142,251,142,257,142,255,142,258,,,,
143,258,143,265,143,257,143,256,143,257,143,263,143,259,143,251,143,257,143,257,143,271,,,,
144,260,144,261,144,257,144,258,144,258,144,263,144,260,144,251,144,257,144,257,144,258,,,,
145,259,145,265,145,265,145,257,145,258,145,263,145,252,145,251,145,257,145,257,145,269,,,,
146,259,146,265,146,265,146,257,146,258,146,263,146,252,146,251,146,258,146,258,146,262,,,,
147,259,147,265,147,257,147,257,147,258,147,263,147,252,147,251,147,258,147,257,147,251,,,,
148,261,148,265,148,257,148,257,148,252,148,263,148,259,148,271,148,257,148,255,148,258,,,,
149,259,149,261,149,265,149,257,149,257,149,263,149,252,149,252,149,256,149,257,149,270,,,,
150,261,150,259,150,256,150,257,150,256,150,263,150,252,150,272,150,258,150,257,150,258,,,,
151,259,151,259,151,256,151,258,151,258,151,263,151,252,151,252,151,259,151,257,151,258,,,,
152,259,152,260,152,258,152,264,152,260,152,263,152,252,152,250,152,263,152,257,152,258,,,,
153,259,153,263,153,258,153,258,153,260,153,263,153,252,153,252,153,263,153,257,153,258,,,,
154,262,154,264,154,257,154,257,154,260,154,262,154,252,154,272,154,257,154,257,154,258,,,,
155,262,155,265,155,255,155,258,155,266,155,262,155,259,155,253,155,257,155,258,155,270,,,,
156,259,156,264,156,265,156,256,156,260,156,264,156,252,156,252,156,263,156,257,156,258,,,,
157,259,157,264,157,265,157,256,157,260,157,264,157,263,157,253,157,263,157,255,157,258,,,,
158,259,158,261,158,255,158,256,158,259,158,264,158,259,158,272,158,263,158,255,158,258,,,,
159,259,159,265,159,255,159,256,159,258,159,266,159,259,159,252,159,263,159,256,159,258,,,,
160,259,160,259,160,255,160,256,160,258,160,262,160,259,160,252,160,255,160,256,160,260,,,,
161,259,161,259,161,255,161,256,161,264,161,262,161,258,161,262,161,255,161,256,161,259,,,,
162,260,162,261,162,255,162,256,162,257,162,276,162,259,162,272,162,255,162,258,162,251,,,,
163,259,163,265,163,255,163,257,163,261,163,276,163,253,163,262,163,255,163,258,163,261,,,,
164,259,164,265,164,264,164,256,164,257,164,262,164,263,164,252,164,255,164,263,164,259,,,,
165,259,165,265,165,264,165,257,165,261,165,266,165,263,165,252,165,255,165,263,165,261,,,,
166,259,166,265,166,265,166,258,166,257,166,266,166,252,166,252,166,263,166,263,166,259,,,,
167,259,167,265,167,264,167,264,167,258,167,266,167,264,167,252,167,263,167,263,167,261,,,,
168,259,168,260,168,264,168,257,168,258,168,262,168,264,168,252,168,262,168,263,168,259,,,,
169,259,169,265,169,264,169,259,169,258,169,263,169,264,169,252,169,255,169,264,169,259,,,,
170,259,170,265,170,256,170,259,170,258,170,263,170,264,170,251,170,256,170,264,170,261,,,,
171,259,171,260,171,256,171,254,171,259,171,263,171,263,171,251,171,256,171,264,171,261,,,,
172,259,172,264,172,258,172,254,172,260,172,263,172,263,172,250,172,256,172,264,172,259,,,,
173,259,173,260,173,257,173,258,173,260,173,263,173,252,173,251,173,258,173,258,173,261,,,,
174,261,174,260,174,259,174,257,174,260,174,264,174,259,174,251,174,257,174,263,174,261,,,,
175,261,175,264,175,257,175,258,175,260,175,264,175,251,175,251,175,258,175,258,175,271,,,,
176,260,176,260,176,264,176,257,176,260,176,264,176,255,176,251,176,258,176,264,176,261,,,,
177,260,177,260,177,261,177,258,177,260,177,265,177,251,177,251,177,257,177,264,177,261,,,,
178,259,178,260,178,256,178,257,178,260,178,254,178,263,178,251,178,261,178,256,178,272,,,,
179,258,179,260,179,257,179,256,179,260,179,266,179,258,179,251,179,257,179,256,179,259,,,,
180,258,180,260,180,257,180,256,180,260,180,266,180,259,180,251,180,257,180,258,180,279,,,,
181,258,181,248,181,257,181,256,181,260,181,264,181,259,181,251,181,257,181,258,181,261,,,,
182,258,182,260,182,257,182,258,182,260,182,263,182,259,182,246,182,257,182,256,182,259,,,,
183,258,183,260,183,257,183,255,183,259,183,267,183,259,183,251,183,257,183,258,183,260,,,,
184,258,184,264,184,258,184,262,184,259,184,263,184,252,184,260,184,257,184,256,184,259,,,,
185,258,185,260,185,258,185,262,185,264,185,263,185,252,185,255,185,255,185,256,185,259,,,,
186,259,186,264,186,258,186,255,186,258,186,263,186,252,186,250,186,256,186,256,186,259,,,,
187,259,187,265,187,258,187,256,187,266,187,263,187,252,187,251,187,255,187,256,187,261,,,,
188,259,188,265,188,258,188,256,188,266,188,263,188,252,188,251,188,255,188,257,188,262,,,,
189,259,189,265,189,260,189,257,189,257,189,263,189,252,189,251,189,255,189,255,189,259,,,,
190,259,190,265,190,259,190,264,190,257,190,263,190,259,190,251,190,255,190,257,190,259,,,,
191,258,191,260,191,259,191,257,191,258,191,263,191,259,191,251,191,255,191,255,191,268,,,,
192,259,192,260,192,259,192,257,192,258,192,263,192,252,192,251,192,256,192,256,192,264,,,,
193,259,193,260,193,259,193,257,193,261,193,266,193,264,193,272,193,254,193,256,193,262,,,,
194,259,194,260,194,256,194,258,194,258,194,266,194,252,194,262,194,254,194,258,194,264,,,,
195,259,195,265,195,259,195,258,195,258,195,265,195,263,195,272,195,254,195,258,195,261,,,,
196,258,196,265,196,256,196,258,196,258,196,262,196,264,196,251,196,257,196,258,196,259,,,,
197,258,197,257,197,257,197,257,197,258,197,264,197,252,197,252,197,262,197,256,197,264,,,,
198,258,198,265,198,266,198,255,198,257,198,268,198,252,198,272,198,257,198,258,198,267,,,,
199,259,199,265,199,256,199,255,199,257,199,264,199,252,199,252,199,257,199,258,199,259,,,,
200,259,200,257,200,256,200,256,200,257,200,264,200,252,200,252,200,258,200,256,200,259,,,,
201,257,201,257,201,254,201,256,201,257,201,264,201,265,201,252,201,256,201,256,201,262,,,,
202,259,202,257,202,254,202,258,202,257,202,264,202,252,202,251,202,256,202,257,202,259,,,,
203,259,203,260,203,254,203,259,203,265,203,263,203,263,203,273,203,256,203,258,203,259,,,,
204,259,204,254,204,265,204,257,204,265,204,263,204,263,204,252,204,256,204,267,204,259,,,,
205,259,205,261,205,255,205,257,205,257,205,263,205,263,205,262,205,256,205,256,205,261,,,,
206,259,206,261,206,257,206,256,206,261,206,263,206,263,206,252,206,256,206,256,206,270,,,,
207,262,207,264,207,255,207,257,207,258,207,263,207,259,207,272,207,256,207,256,207,279,,,,
208,260,208,261,208,257,208,255,208,258,208,263,208,251,208,252,208,256,208,256,208,267,,,,
209,258,209,259,209,256,209,257,209,261,209,263,209,251,209,252,209,256,209,257,209,266,,,,
210,258,210,261,210,257,210,256,210,258,210,262,210,263,210,251,210,262,210,257,210,262,,,,
211,258,211,259,211,257,211,255,211,259,211,262,211,263,211,251,211,256,211,256,211,260,,,,
212,258,212,261,212,259,212,258,212,253,212,262,212,263,212,251,212,256,212,255,212,260,,,,
213,258,213,266,213,258,213,255,213,260,213,263,213,258,213,251,213,256,213,255,213,260,,,,
214,258,214,259,214,258,214,255,214,260,214,263,214,254,214,251,214,262,214,255,214,260,,,,
215,258,215,265,215,258,215,257,215,260,215,263,215,258,215,251,215,257,215,255,215,260,,,,
216,258,216,261,216,257,216,258,216,262,216,263,216,258,216,251,216,257,216,255,216,260,,,,
217,258,217,261,217,258,217,258,217,260,217,263,217,264,217,251,217,257,217,255,217,259,,,,
218,258,218,260,218,257,218,260,218,260,218,263,218,259,218,255,218,257,218,255,218,259,,,,
219,260,219,259,219,260,219,257,219,260,219,263,219,258,219,255,219,257,219,255,219,259,,,,
220,258,220,258,220,260,220,257,220,260,220,263,220,252,220,255,220,257,220,255,220,262,,,,
221,258,221,258,221,265,221,264,221,260,221,263,221,252,221,261,221,257,221,255,221,259,,,,
222,258,222,257,222,258,222,258,222,260,222,263,222,252,222,261,222,257,222,255,222,259,,,,
223,258,223,257,223,258,223,257,223,260,223,263,223,252,223,260,223,257,223,258,223,261,,,,
224,271,224,257,224,258,224,258,224,260,224,263,224,259,224,255,224,257,224,255,224,262,,,,
225,249,225,260,225,258,225,258,225,260,225,263,225,259,225,255,225,257,225,255,225,258,,,,
226,258,226,261,226,265,226,264,226,261,226,263,226,259,226,255,226,257,226,255,226,258,,,,
227,259,227,260,227,265,227,256,227,260,227,263,227,259,227,255,227,257,227,255,227,258,,,,
228,259,228,261,228,265,228,256,228,261,228,263,228,259,228,251,228,257,228,255,228,259,,,,
229,259,229,265,229,265,229,258,229,261,229,266,229,260,229,251,229,257,229,256,229,259,,,,
230,259,230,265,230,266,230,258,230,258,230,263,230,252,230,251,230,257,230,264,230,259,,,,
231,259,231,265,231,256,231,256,231,258,231,266,231,259,231,271,231,257,231,255,231,259,,,,
232,259,232,265,232,264,232,257,232,258,232,263,232,259,232,251,232,257,232,256,232,262,,,,
233,259,233,265,233,255,233,257,233,257,233,263,233,259,233,252,233,261,233,257,233,259,,,,
234,259,234,265,234,265,234,257,234,258,234,263,234,259,234,251,234,257,234,265,234,259,,,,
235,262,235,265,235,264,235,257,235,257,235,263,235,259,235,252,235,257,235,258,235,259,,,,
236,262,236,265,236,264,236,257,236,257,236,263,236,264,236,252,236,257,236,258,236,259,,,,
237,259,237,265,237,255,237,257,237,258,237,263,237,259,237,251,237,258,237,266,237,259,,,,
238,267,238,264,238,264,238,258,238,258,238,263,238,259,238,251,238,257,238,257,238,259,,,,
239,258,239,263,239,257,239,257,239,257,239,266,239,264,239,253,239,263,239,257,239,259,,,,
240,258,240,264,240,257,240,258,240,257,240,262,240,259,240,272,240,255,240,257,240,259,,,,
241,258,241,260,241,255,241,260,241,257,241,267,241,264,241,253,241,263,241,256,241,261,,,,
242,258,242,260,242,257,242,258,242,261,242,265,242,252,242,253,242,263,242,256,242,254,,,,
243,259,243,264,243,257,243,266,243,254,243,262,243,249,243,273,243,263,243,256,243,261,,,,
244,258,244,263,244,255,244,257,244,260,244,262,244,259,244,252,244,262,244,256,244,276,,,,
245,259,245,265,245,255,245,258,245,260,245,264,245,252,245,273,245,262,245,256,245,259,,,,
246,258,246,265,246,257,246,258,246,259,246,265,246,251,246,252,246,262,246,256,246,258,,,,
247,259,247,265,247,256,247,266,247,259,247,266,247,252,247,252,247,255,247,256,247,258,,,,
248,258,248,265,248,257,248,256,248,258,248,264,248,263,248,262,248,255,248,256,248,258,,,,
249,262,249,265,249,257,249,258,249,257,249,262,249,259,249,252,249,255,249,256,249,261,,,,
250,257,250,265,250,256,250,264,250,261,250,266,250,259,250,251,250,254,250,258,250,263,,,,
251,257,251,265,251,258,251,256,251,260,251,262,251,263,251,263,251,254,251,263,251,257,,,,
252,257,252,259,252,256,252,257,252,260,252,261,252,264,252,253,252,258,252,263,252,257,,,,
253,257,253,265,253,256,253,255,253,256,253,261,253,254,253,251,253,255,253,263,253,269,,,,
254,261,254,259,254,257,254,257,254,256,254,261,254,258,254,252,254,261,254,263,254,257,,,,
255,256,255,258,255,255,255,256,255,255,255,260,255,254,255,251,255,253,255,256,255,258,,,,
256,257,256,265,256,257,256,254,256,258,256,261,256,254,256,252,256,250,256,254,256,269,,,,
257,255,257,257,257,255,257,261,257,256,257,260,257,256,257,257,257,253,257,257,257,255,,,,
258,253,258,255,258,256,258,252,258,255,258,260,258,256,258,250,258,252,258,256,258,254,,,,
259,263,259,257,259,256,259,252,259,254,259,259,259,255,259,259,259,252,259,255,259,262,,,,
260,253,260,256,260,256,260,259,260,253,260,259,260,254,260,251,260,246,260,256,260,263,,,,
261,252,261,257,261,254,261,251,261,254,261,264,261,253,261,249,261,254,261,269,261,248,,,,
262,252,262,256,262,254,262,258,262,254,262,262,262,254,262,258,262,253,262,255,262,247,,,,
263,251,263,250,263,253,263,249,263,253,263,256,263,253,263,256,263,252,263,271,263,246,,,,
264,250,264,249,264,252,264,245,264,254,264,256,264,253,264,253,264,248,264,254,264,249,,,,
265,249,265,251,265,252,265,247,265,252,265,265,265,253,265,255,265,251,265,253,265,248,,,,
266,248,266,252,266,251,266,237,266,251,266,254,266,251,266,253,266,250,266,252,266,248,,,,
267,247,267,250,267,250,267,245,267,249,267,253,267,250,267,249,267,258,267,251,267,247,,,,
268,247,268,251,268,249,268,244,268,250,268,253,268,250,268,248,268,257,268,253,268,247,,,,
269,243,269,245,269,248,269,241,269,248,269,252,269,249,269,243,269,245,269,274,269,245,,,,
270,245,270,245,270,248,270,236,270,247,270,251,270,245,270,242,270,246,270,248,270,244,,,,
271,241,271,244,271,245,271,242,271,245,271,250,271,247,271,246,271,245,271,247,271,242,,,,
272,243,272,243,272,246,272,243,272,244,272,248,272,246,272,245,272,240,272,246,272,241,,,,
273,241,273,242,273,245,273,241,273,244,273,247,273,241,273,244,273,239,273,248,273,237,,,,
274,241,274,245,274,244,274,238,274,241,274,246,274,240,274,242,274,242,274,239,274,240,,,,
275,239,275,244,275,242,275,237,275,240,275,245,275,242,275,236,275,240,275,244,275,239,,,,
276,238,276,243,276,243,276,235,276,238,276,244,276,241,276,238,276,239,276,243,276,237,,,,
277,237,277,242,277,241,277,279,277,237,277,243,277,239,277,236,277,241,277,242,277,236,,,,
278,236,278,239,278,239,278,233,278,238,278,241,278,239,278,239,278,238,278,241,278,235,,,,
279,233,279,236,279,240,279,274,279,235,279,240,279,233,279,237,279,235,279,240,279,229,,,,
280,234,280,231,280,238,280,229,280,234,280,238,280,238,280,236,280,231,280,238,280,231,,,,
281,232,281,231,281,237,281,225,281,233,281,237,281,236,281,234,281,233,281,236,281,230,,,,
282,228,282,229,282,235,282,226,282,233,282,233,282,236,282,233,282,231,282,237,282,229,,,,
283,228,283,230,283,279,283,224,283,230,283,233,283,233,283,231,283,230,283,235,283,227,,,,
284,228,284,226,284,232,284,222,284,228,284,232,284,232,284,229,284,222,284,230,284,222,,,,
285,225,285,225,285,230,285,220,285,227,285,230,285,231,285,227,285,226,285,278,285,224,,,,
286,225,286,224,286,229,286,218,286,227,286,228,286,224,286,226,286,224,286,230,286,220,,,,
287,222,287,225,287,227,287,216,287,224,287,226,287,222,287,221,287,221,287,228,287,221,,,,
288,222,288,223,288,275,288,214,288,227,288,224,288,220,288,222,288,221,288,279,288,220,,,,
289,220,289,222,289,275,289,212,289,220,289,223,289,219,289,218,289,219,289,221,289,211,,,,
290,219,290,221,290,276,290,210,290,220,290,221,290,221,290,272,290,217,290,275,290,218,,,,
291,214,291,219,291,275,291,208,291,218,291,218,291,217,291,218,291,216,291,219,291,214,,,,
292,216,292,218,292,218,292,206,292,217,292,220,292,215,292,272,292,214,292,218,292,212,,,,
293,214,293,217,293,216,293,203,293,215,293,216,293,217,293,269,293,214,293,216,293,210,,,,
294,212,294,214,294,212,294,203,294,207,294,215,294,215,294,211,294,210,294,214,294,208,,,,
295,210,295,213,295,215,295,200,295,211,295,217,295,210,295,210,295,209,295,212,295,206,,,,
296,208,296,211,296,211,296,199,296,208,296,215,296,208,296,208,296,207,296,214,296,206,,,,
297,207,297,209,297,208,297,196,297,210,297,210,297,209,297,208,297,203,297,210,297,204,,,,
298,204,298,207,298,206,298,194,298,208,298,206,298,206,298,205,298,206,298,208,298,202,,,,
299,202,299,206,299,204,299,193,299,201,299,208,299,203,299,202,299,202,299,206,299,200,,,,
300,198,300,201,300,202,300,187,300,203,300,205,300,202,300,200,300,202,300,204,300,196,,,,
301,199,301,203,301,201,301,186,301,202,301,206,301,203,301,195,301,200,301,202,301,192,,,,
302,196,302,201,302,199,302,186,302,200,302,201,302,200,302,196,302,198,302,201,302,195,,,,
303,195,303,199,303,195,303,185,303,198,303,198,303,197,303,194,303,194,303,199,303,188,,,,
304,194,304,198,304,193,304,183,304,196,304,199,304,195,304,192,304,189,304,197,304,185,,,,
305,186,305,194,305,193,305,181,305,190,305,194,305,191,305,190,305,190,305,194,305,184,,,,
306,190,306,192,306,189,306,180,306,191,306,193,306,191,306,188,306,191,306,194,306,183,,,,
307,184,307,190,307,189,307,178,307,191,307,193,307,189,307,187,307,189,307,192,307,181,,,,
308,183,308,190,308,185,308,174,308,187,308,189,308,179,308,185,308,187,308,189,308,181,,,,
309,185,309,189,309,186,309,175,309,185,309,187,309,184,309,183,309,182,309,185,309,178,,,,
310,179,310,184,310,184,310,174,310,181,310,185,310,184,310,181,310,181,310,184,310,176,,,,
311,182,311,183,311,183,311,172,311,182,311,182,311,180,311,180,311,180,311,185,311,179,,,,
312,181,312,181,312,183,312,171,312,180,312,182,312,180,312,179,312,180,312,181,312,173,,,,
313,179,313,180,313,180,313,167,313,179,313,178,313,178,313,178,313,176,313,179,313,172,,,,
314,174,314,176,314,178,314,168,314,177,314,177,314,176,314,176,314,175,314,180,314,176,,,,
315,171,315,178,315,176,315,167,315,176,315,178,315,175,315,174,315,174,315,177,315,171,,,,
316,174,316,175,316,175,316,165,316,174,316,176,316,173,316,173,316,173,316,176,316,169,,,,
317,169,317,173,317,174,317,164,317,173,317,174,317,172,317,170,317,170,317,174,317,171,,,,
318,171,318,175,318,172,318,161,318,171,318,172,318,170,318,169,318,168,318,173,318,166,,,,
319,170,319,170,319,171,319,162,319,170,319,169,319,168,319,167,319,167,319,171,319,169,,,,
320,168,320,169,320,169,320,161,320,168,320,169,320,167,320,166,320,166,320,170,320,162,,,,
321,164,321,168,321,168,321,160,321,167,321,170,321,167,321,165,321,163,321,168,321,160,,,,
322,164,322,166,322,164,322,157,322,166,322,167,322,164,322,161,322,163,322,167,322,160,,,,
323,162,323,162,323,165,323,159,323,164,323,169,323,165,323,162,323,162,323,164,323,164,,,,
324,158,324,164,324,164,324,158,324,163,324,165,324,160,324,161,324,161,324,168,324,157,,,,
325,160,325,160,325,163,325,158,325,162,325,164,325,159,325,161,325,161,325,163,325,162,,,,
326,160,326,155,326,160,326,158,326,161,326,161,326,160,326,159,326,162,326,163,326,158,,,,
327,158,327,158,327,162,327,158,327,159,327,160,327,159,327,158,327,159,327,160,327,159,,,,
328,159,328,160,328,161,328,158,328,158,328,160,328,159,328,157,328,160,328,159,328,156,,,,
329,156,329,158,329,161,329,157,329,157,329,159,329,158,329,156,329,155,329,158,329,155,,,,
330,157,330,157,330,150,330,151,330,156,330,160,330,157,330,155,330,156,330,159,330,161,,,,
331,157,331,153,331,158,331,153,331,155,331,160,331,157,331,153,331,158,331,158,331,159,,,,
332,156,332,156,332,159,332,152,332,155,332,159,332,158,332,155,332,156,332,157,332,159,,,,
333,156,333,155,333,162,333,150,333,158,333,157,333,158,333,160,333,156,333,156,333,155,,,,
334,155,334,158,334,157,334,149,334,156,334,160,334,157,334,156,334,156,334,155,334,151,,94,,89.09090909
335,153,335,156,335,156,335,148,335,154,335,161,335,157,335,152,335,153,335,154,335,147,,94,,4.300105707
336,152,336,152,336,153,336,147,336,152,336,163,336,155,336,157,336,151,336,153,336,147,,86,,
337,151,337,151,337,154,337,147,337,153,337,158,337,155,337,156,337,150,337,153,337,146,,84,,
338,148,338,150,338,151,338,147,338,150,338,159,338,150,338,154,338,149,338,155,338,151,,96,,
339,150,339,149,339,151,339,144,339,149,339,158,339,151,339,151,339,147,339,155,339,151,,90,,
340,149,340,145,340,150,340,141,340,148,340,155,340,147,340,152,340,148,340,154,340,148,,87,,
341,148,341,145,341,150,341,145,341,150,341,154,341,149,341,145,341,148,341,152,341,147,,86,,
342,146,342,144,342,150,342,146,342,147,342,154,342,148,342,143,342,145,342,153,342,145,,83,,
343,148,343,150,343,148,343,145,343,148,343,152,343,145,343,143,343,144,343,152,343,145,,90,,
344,144,344,146,344,147,344,146,344,146,344,149,344,143,344,144,344,143,344,152,344,142,,90,,
345,147,345,145,345,144,345,146,345,145,345,147,345,144,345,142,345,146,345,149,345,142,,,,
346,143,346,145,346,146,346,147,346,145,346,152,346,148,346,143,346,144,346,148,346,149,,,,
347,146,347,144,347,146,347,146,347,144,347,145,347,146,347,142,347,146,347,148,347,148,,,,
348,146,348,145,348,147,348,147,348,146,348,145,348,135,348,144,348,145,348,147,348,148,,,,
349,146,349,146,349,148,349,147,349,144,349,146,349,146,349,149,349,150,349,145,349,150,,,,
350,146,350,147,350,147,350,146,350,144,350,147,350,146,350,141,350,147,350,144,350,146,,,,
351,145,351,143,351,147,351,145,351,144,351,147,351,146,351,145,351,147,351,144,351,146,,,,
352,146,352,143,352,147,352,145,352,143,352,149,352,146,352,145,352,145,352,145,352,145,,,,
353,145,353,143,353,147,353,138,353,143,353,152,353,146,353,149,353,147,353,146,353,144,,,,
354,145,354,143,354,147,354,144,354,142,354,149,354,146,354,144,354,148,354,147,354,145,,,,
355,145,355,146,355,147,355,140,355,146,355,149,355,145,355,143,355,145,355,143,355,140,,,,
356,143,356,142,356,146,356,143,356,145,356,148,356,146,356,142,356,151,356,147,356,145,,,,
357,144,357,146,357,145,357,143,357,142,357,151,357,145,357,144,357,145,357,147,357,140,,,,
358,144,358,143,358,145,358,144,358,142,358,149,358,145,358,141,358,143,358,147,358,139,,,,
359,142,359,144,359,145,359,145,359,141,359,148,359,142,359,141,359,142,359,146,359,140,,,,
360,142,360,144,360,144,360,144,360,141,360,147,360,144,360,141,360,141,360,147,360,143,,,,
361,142,361,144,361,143,361,144,361,144,361,145,361,141,361,140,361,140,361,146,361,144,,,,
362,142,362,141,362,143,362,144,362,141,362,144,362,141,362,139,362,140,362,144,362,146,,,,
363,144,363,141,363,142,363,144,363,142,363,144,363,141,363,140,363,140,363,144,363,143,,,,
364,144,364,138,364,144,364,144,364,142,364,143,364,135,364,140,364,143,364,141,364,141,,,,
365,144,365,138,365,144,365,143,365,141,365,143,365,144,365,143,365,140,365,143,365,141,,,,
366,144,366,141,366,146,366,143,366,141,366,145,366,144,366,144,366,142,366,143,366,145,,,,
367,143,367,143,367,147,367,146,367,141,367,146,367,146,367,142,367,142,367,144,367,145,,,,
368,144,368,143,368,147,368,144,368,142,368,145,368,146,368,142,368,143,368,140,368,144,,,,
369,144,369,143,369,147,369,146,369,142,369,145,369,144,369,141,369,142,369,145,369,140,,,,
370,144,370,144,370,146,370,145,370,142,370,147,370,144,370,142,370,145,370,144,370,145,,,,
371,144,371,143,371,146,371,144,371,142,371,149,371,144,371,143,371,143,371,147,371,144,,,,
372,145,372,142,372,145,372,143,372,142,372,151,372,144,372,140,372,143,372,147,372,145,,,,
373,144,373,142,373,145,373,142,373,144,373,150,373,144,373,142,373,142,373,147,373,142,,,,
374,143,374,142,374,144,374,139,374,141,374,149,374,145,374,140,374,141,374,148,374,142,,,,
375,143,375,138,375,144,375,142,375,144,375,150,375,143,375,142,375,140,375,148,375,142,,,,
376,143,376,138,376,143,376,139,376,142,376,146,376,144,376,140,376,140,376,148,376,145,,,,
377,142,377,138,377,143,377,141,377,142,377,149,377,141,377,139,377,142,377,148,377,145,,,,
378,144,378,138,378,143,378,141,378,142,378,149,378,140,378,139,378,142,378,148,378,144,,,,
379,144,379,142,379,144,379,142,379,142,379,145,379,140,379,140,379,143,379,147,379,138,,,,
380,144,380,142,380,143,380,143,380,142,380,143,380,141,380,139,380,140,380,147,380,145,,,,
381,144,381,142,381,145,381,143,381,142,381,148,381,144,381,140,381,142,381,145,381,145,,,,
382,143,382,144,382,145,382,144,382,143,382,147,382,139,382,138,382,141,382,145,382,145,,,,
383,144,383,141,383,145,383,145,383,142,383,147,383,138,383,142,383,142,383,144,383,145,,,,
384,144,384,138,384,145,384,145,384,144,384,146,384,138,384,139,384,144,384,145,384,145,,,,
385,144,385,138,385,142,385,144,385,144,385,145,385,145,385,139,385,145,385,144,385,145,,,,
386,144,386,138,386,144,386,146,386,145,386,146,386,141,386,140,386,146,386,143,386,144,,,,
387,144,387,138,387,146,387,145,387,142,387,145,387,141,387,141,387,149,387,143,387,144,,,,
388,144,388,144,388,147,388,144,388,146,388,147,388,142,388,142,388,146,388,143,388,144,,,,
389,144,389,144,389,147,389,145,389,144,389,148,389,144,389,140,389,149,389,143,389,143,,,,
390,144,390,143,390,147,390,145,390,146,390,142,390,144,390,141,390,146,390,145,390,143,,,,
391,143,391,143,391,148,391,145,391,145,391,150,391,144,391,140,391,145,391,148,391,141,,,,
392,143,392,142,392,146,392,145,392,142,392,148,392,144,392,143,392,145,392,147,392,141,,,,
393,144,393,142,393,145,393,145,393,142,393,148,393,143,393,142,393,144,393,147,393,141,,,,
394,145,394,142,394,145,394,144,394,142,394,148,394,143,394,138,394,143,394,148,394,141,,,,
395,143,395,138,395,145,395,144,395,142,395,148,395,143,395,139,395,143,395,147,395,145,,,,
396,143,396,138,396,145,396,144,396,145,396,150,396,143,396,139,396,143,396,146,396,146,,,,
397,144,397,142,397,145,397,144,397,141,397,150,397,144,397,142,397,142,397,146,397,145,,,,
398,144,398,138,398,146,398,144,398,144,398,148,398,144,398,142,398,143,398,143,398,146,,,,
399,144,399,138,399,141,399,144,399,144,399,142,399,144,399,141,399,142,399,147,399,142,,,,
400,145,400,142,400,146,400,145,400,144,400,147,400,144,400,141,400,142,400,145,400,145,,,,
401,145,401,138,401,146,401,145,401,141,401,146,401,144,401,141,401,142,401,144,401,145,,,,
402,144,402,141,402,146,402,145,402,141,402,145,402,144,402,141,402,144,402,144,402,146,,,,
403,144,403,141,403,146,403,145,403,142,403,148,403,140,403,147,403,137,403,145,403,142,,,,
404,144,404,141,404,147,404,144,404,142,404,147,404,145,404,144,404,146,404,143,404,141,,,,
405,143,405,141,405,148,405,144,405,144,405,145,405,144,405,144,405,144,405,144,405,141,,,,
406,143,406,143,406,147,406,143,406,142,406,148,406,144,406,147,406,146,406,145,406,142,,,,
407,144,407,143,407,146,407,143,407,144,407,146,407,144,407,141,407,144,407,146,407,142,,,,
408,144,408,145,408,146,408,144,408,142,408,149,408,144,408,144,408,144,408,146,408,144,,,,
409,145,409,143,409,145,409,143,409,144,409,150,409,145,409,142,409,143,409,147,409,145,,,,
410,144,410,143,410,145,410,140,410,142,410,149,410,145,410,140,410,144,410,148,410,145,,,,
411,144,411,143,411,146,411,143,411,141,411,148,411,145,411,142,411,142,411,152,411,146,,,,
412,144,412,142,412,145,412,142,412,142,412,149,412,143,412,142,412,143,412,152,412,145,,,,
413,143,413,144,413,144,413,139,413,142,413,148,413,143,413,140,413,143,413,148,413,146,,,,
414,143,414,144,414,144,414,139,414,144,414,148,414,142,414,141,414,142,414,148,414,146,,,,
415,143,415,141,415,141,415,141,415,144,415,150,415,144,415,139,415,142,415,148,415,146,,,,
416,143,416,141,416,140,416,142,416,142,416,150,416,140,416,140,416,142,416,147,416,146,,,,
417,143,417,144,417,144,417,142,417,142,417,148,417,140,417,140,417,142,417,151,417,146,,,,
418,144,418,141,418,142,418,144,418,142,418,148,418,139,418,138,418,143,418,144,418,146,,,,
419,144,419,141,419,144,419,144,419,141,419,145,419,139,419,138,419,141,419,129,419,146,,,,
420,145,420,141,420,144,420,144,420,141,420,142,420,144,420,134,420,141,420,146,420,146,,,,
421,145,421,144,421,143,421,145,421,145,421,145,421,142,421,142,421,142,421,146,421,147,,,,
422,145,422,145,422,144,422,145,422,142,422,146,422,142,422,148,422,142,422,146,422,145,,,,
423,145,423,144,423,143,423,143,423,142,423,149,423,141,423,139,423,144,423,145,423,145,,,,
424,145,424,144,424,146,424,145,424,142,424,148,424,140,424,140,424,144,424,145,424,142,,,,
425,145,425,144,425,144,425,145,425,143,425,149,425,145,425,140,425,144,425,145,425,141,,,,
426,144,426,142,426,145,426,145,426,143,426,148,426,139,426,139,426,146,426,145,426,142,,,,
427,144,427,144,427,146,427,144,427,142,427,146,427,140,427,140,427,146,427,145,427,143,,,,
428,144,428,144,428,146,428,144,428,144,428,146,428,145,428,140,428,146,428,146,428,141,,,,
429,143,429,142,429,147,429,144,429,142,429,147,429,145,429,140,429,144,429,146,429,146,,,,
430,144,430,142,430,145,430,145,430,142,430,147,430,145,430,141,430,146,430,146,430,145,,,,
431,144,431,141,431,147,431,144,431,142,431,147,431,142,431,141,431,144,431,144,431,146,,,,
432,144,432,144,432,146,432,144,432,142,432,145,432,145,432,141,432,144,432,146,432,145,,,,
433,143,433,142,433,146,433,144,433,142,433,142,433,145,433,146,433,144,433,146,433,145,,,,
434,143,434,143,434,146,434,146,434,142,434,142,434,142,434,143,434,144,434,147,434,147,,,,
435,144,435,145,435,147,435,144,435,141,435,142,435,143,435,143,435,146,435,145,435,147,,,,
436,144,436,144,436,146,436,146,436,142,436,142,436,144,436,144,436,146,436,145,436,146,,,,
437,145,437,144,437,147,437,146,437,142,437,145,437,144,437,144,437,144,437,144,437,146,,,,
438,145,438,142,438,146,438,146,438,142,438,147,438,144,438,145,438,145,438,143,438,145,,,,
439,145,439,142,439,146,439,145,439,142,439,147,439,144,439,141,439,145,439,143,439,142,,,,
440,145,440,146,440,146,440,145,440,142,440,147,440,145,440,141,440,145,440,143,440,146,,,,
441,143,441,145,441,146,441,146,441,144,441,148,441,145,441,142,441,149,441,144,441,141,,,,
442,144,442,138,442,147,442,145,442,142,442,145,442,141,442,147,442,148,442,145,442,143,,,,
443,145,443,145,443,141,443,145,443,145,443,150,443,148,443,142,443,147,443,145,443,141,,,,
444,145,444,143,444,148,444,144,444,146,444,142,444,148,444,142,444,144,444,146,444,144,,,,
445,144,445,142,445,146,445,145,445,141,445,148,445,142,445,144,445,146,445,146,445,143,,,,
446,144,446,142,446,146,446,144,446,142,446,148,446,146,446,142,446,143,446,147,446,142,,,,
447,144,447,142,447,145,447,143,447,141,447,147,447,142,447,143,447,143,447,142,447,145,,,,
448,142,448,142,448,144,448,144,448,141,448,147,448,145,448,142,448,142,448,147,448,145,,,,
449,142,449,142,449,144,449,144,449,141,449,147,449,145,449,141,449,141,449,149,449,146,,,,
450,144,450,142,450,144,450,144,450,144,450,147,450,144,450,141,450,141,450,148,450,147,,,,
451,143,451,143,451,143,451,143,451,142,451,149,451,144,451,141,451,141,451,148,451,145,,,,
452,143,452,138,452,144,452,142,452,144,452,148,452,144,452,141,452,142,452,147,452,146,,,,
453,144,453,138,453,144,453,142,453,142,453,148,453,143,453,144,453,139,453,142,453,145,,,,
454,144,454,142,454,143,454,143,454,142,454,148,454,142,454,140,454,140,454,144,454,145,,,,
455,145,455,142,455,143,455,142,455,141,455,148,455,144,455,146,455,140,455,144,455,145,,,,
456,145,456,142,456,143,456,144,456,143,456,148,456,141,456,139,456,145,456,148,456,146,,,,
457,145,457,142,457,145,457,144,457,141,457,149,457,140,457,139,457,144,457,146,457,147,,,,
458,145,458,142,458,143,458,143,458,142,458,149,458,130,458,139,458,144,458,146,458,145,,,,
459,145,459,142,459,143,459,143,459,142,459,149,459,139,459,147,459,143,459,146,459,145,,,,
460,145,460,142,460,143,460,143,460,142,460,150,460,135,460,147,460,143,460,147,460,144,,,,
461,145,461,142,461,143,461,143,461,142,461,148,461,139,461,138,461,142,461,147,461,142,,,,
462,144,462,138,462,144,462,142,462,143,462,142,462,145,462,146,462,144,462,146,462,139,,,,
463,144,463,143,463,142,463,142,463,143,463,150,463,145,463,142,463,144,463,146,463,140,,,,
464,144,464,143,464,145,464,143,464,139,464,149,464,143,464,144,464,143,464,146,464,145,,,,
465,143,465,143,465,144,465,144,465,142,465,149,465,142,465,139,465,144,465,150,465,145,,,,
466,143,466,144,466,146,466,143,466,142,466,149,466,142,466,140,466,144,466,149,466,141,,,,
467,144,467,144,467,144,467,144,467,142,467,149,467,142,467,140,467,142,467,147,467,143,,,,
468,143,468,142,468,144,468,145,468,140,468,146,468,142,468,140,468,139,468,147,468,144,,,,
469,143,469,143,469,145,469,144,469,144,469,145,469,142,469,141,469,137,469,146,469,146,,,,
470,143,470,143,470,145,470,144,470,142,470,145,470,142,470,140,470,145,470,146,470,145,,,,
471,144,471,141,471,146,471,144,471,142,471,148,471,140,471,140,471,144,471,145,471,141,,,,
472,142,472,141,472,146,472,145,472,142,472,148,472,139,472,141,472,146,472,145,472,141,,,,
473,143,473,138,473,146,473,145,473,142,473,147,473,140,473,141,473,146,473,145,473,142,,,,
474,145,474,138,474,146,474,145,474,142,474,146,474,141,474,141,474,146,474,145,474,142,,,,
475,145,475,138,475,146,475,145,475,142,475,147,475,142,475,143,475,146,475,145,475,142,,,,
476,145,476,142,476,147,476,145,476,142,476,147,476,143,476,143,476,146,476,147,476,141,,,,
477,145,477,142,477,147,477,145,477,142,477,148,477,144,477,138,477,148,477,148,477,141,,,,
478,145,478,142,478,146,478,145,478,142,478,148,478,144,478,144,478,146,478,146,478,144,,,,
479,145,479,142,479,146,479,145,479,142,479,148,479,145,479,144,479,145,479,147,479,143,,,,
480,145,480,142,480,146,480,145,480,142,480,148,480,145,480,144,480,145,480,147,480,145,,,,
481,145,481,142,481,146,481,145,481,144,481,148,481,145,481,139,481,147,481,147,481,143,,,,
482,143,482,142,482,146,482,144,482,141,482,148,482,145,482,139,482,146,482,147,482,144,,,,
483,145,483,142,483,147,483,145,483,139,483,148,483,145,483,139,483,147,483,144,483,140,,,,
484,144,484,142,484,145,484,144,484,141,484,151,484,147,484,142,484,146,484,145,484,145,,,,
485,144,485,142,485,146,485,144,485,141,485,149,485,147,485,147,485,146,485,145,485,140,,,,
486,144,486,145,486,146,486,143,486,142,486,142,486,145,486,141,486,143,486,146,486,142,,,,
487,144,487,145,487,145,487,143,487,141,487,145,487,145,487,141,487,142,487,145,487,145,,,,
488,144,488,138,488,146,488,143,488,141,488,145,488,145,488,141,488,144,488,146,488,145,,,,
489,142,489,141,489,146,489,143,489,141,489,147,489,144,489,140,489,141,489,146,489,146,,,,
490,144,490,141,490,144,490,141,490,142,490,146,490,144,490,142,490,141,490,146,490,145,,,,
491,143,491,141,491,144,491,143,491,142,491,149,491,142,491,142,491,141,491,143,491,145,,,,
492,143,492,142,492,145,492,143,492,142,492,145,492,147,492,141,492,143,492,144,492,142,,,,
493,144,493,142,493,143,493,143,493,142,493,146,493,144,493,141,493,143,493,144,493,145,,,,
494,144,494,142,494,146,494,143,494,142,494,145,494,143,494,141,494,143,494,145,494,145,,,,
495,143,495,142,495,146,495,143,495,142,495,145,495,143,495,139,495,143,495,145,495,145,,,,
496,144,496,142,496,141,496,143,496,142,496,147,496,144,496,142,496,143,496,146,496,143,,,,
497,144,497,143,497,141,497,143,497,142,497,149,497,142,497,142,497,143,497,147,497,143,,,,
498,144,498,142,498,141,498,142,498,142,498,150,498,141,498,139,498,143,498,147,498,144,,,,
499,145,499,142,499,141,499,142,499,142,499,149,499,142,499,139,499,142,499,148,499,144,,,,
